	Original	Cleaned	Sentiment
0	"Hulu in May: Get ready for Sally Rooney‚Äôs romantic drama ""Conversations With Friends,"" a Sex Pistols miniseries, a ""Letterkenny"" spinoff and much more.
https://t.co/bjMDfOrvuR"	hulu in may get ready for sally rooney‚Äôs romantic drama conversations with friends a sex pistols miniseries a letterkenny spinoff and much more	Sentiment(polarity=0.2333333333333333, subjectivity=0.5)
1	"This contrarian investor tells investors how to position their portfolios now for the bear market he expects by summer.
https://t.co/aKRCG1DSPX"	this contrarian investor tells investors how to position their portfolios now for the bear market he expects by summer	Sentiment(polarity=0.0, subjectivity=0.0)
2	What is Earth Day? Why celebrating it matters to your money and your health https://t.co/QFEoSzY33q	what is earth day why celebrating it matters to your money and your health	Sentiment(polarity=0.0, subjectivity=0.0)
3	Major airlines including Delta, United and American Airlines now say masks will be optional. Train travelers and employees on Amtrak are no longer required to wear masks. Greyhound said masks are now optional, except for trips into Mexico and Canada. https://t.co/yXbD915ZOO	major airlines including delta united and american airlines now say masks will be optional train travelers and employees on amtrak are no longer required to wear masks greyhound said masks are now optional except for trips into mexico and canada	Sentiment(polarity=0.03125, subjectivity=0.25)
4	"The U.S. Centers for Disease Control and Prevention‚Äôs mask mandate for public transit was supposed to run until May 3.

Here‚Äôs where masks are still required after the federal mandates were voided.

https://t.co/GGg7t74VyE"	the us centers for disease control and prevention‚Äôs mask mandate for public transit was supposed to run until may 3 here‚Äôs where masks are still required after the federal mandates were voided	Sentiment(polarity=0.0, subjectivity=0.06666666666666667)
5	Need to get a grip on your financial life? Join MarketWatch‚Äôs Mastering Your Money special event today. https://t.co/jG1KKVLYsu	need to get a grip on your financial life join marketwatch‚Äôs mastering your money special event today	Sentiment(polarity=0.17857142857142858, subjectivity=0.2857142857142857)
6	"The plane turned out to be a military aircraft with people parachuting out of it for a demonstration.
https://t.co/LeWr7QKIDz"	the plane turned out to be a military aircraft with people parachuting out of it for a demonstration	Sentiment(polarity=-0.1, subjectivity=0.1)
7	"The war in Ukraine added to inflationary pressures by raising prices for oil, metals and grains, and fresh COVID outbreaks in China ‚Äúworsened supply chain disruptions,‚Äù the Fed noted.

https://t.co/DrakOnmUd8"	the war in ukraine added to inflationary pressures by raising prices for oil metals and grains and fresh covid outbreaks in china ‚Äúworsened supply chain disruptions‚Äù the fed noted	Sentiment(polarity=0.3, subjectivity=0.5)
8	"‚ÄòNo threat to Capitol‚Äô; Police issue all-clear after evacuation order.
https://t.co/EdoXHGj6C2"	‚Äòno threat to capitol‚Äô police issue allclear after evacuation order	Sentiment(polarity=0.0, subjectivity=0.0)
9	"The ruling came just hours after the Tesla CEO‚Äôs lawyer filed a document in the case saying that a gag order would trample on Musk‚Äôs free speech rights.
https://t.co/WmIz8IyvDf"	the ruling came just hours after the tesla ceo‚Äôs lawyer filed a document in the case saying that a gag order would trample on musk‚Äôs free speech rights	Sentiment(polarity=0.4, subjectivity=0.8)
10	"U.S. Capitol Police have ordered the evacuation of the Capitol complex, saying they are ‚Äútracking an aircraft that poses a probable threat.‚Äù
https://t.co/RFrMzP4eDo"	us capitol police have ordered the evacuation of the capitol complex saying they are ‚Äútracking an aircraft that poses a probable threat‚Äù	Sentiment(polarity=-0.3, subjectivity=0.4)
11	"The Justice Department is filing an appeal seeking to overturn a judge‚Äôs order that voided the federal mask mandate on planes, trains and travel hubs, officials said Wednesday.
https://t.co/uEbXi5JCep"	the justice department is filing an appeal seeking to overturn a judge‚Äôs order that voided the federal mask mandate on planes trains and travel hubs officials said wednesday	Sentiment(polarity=0.0, subjectivity=0.0)
12	"Netflix surely hopes a new season of ""Stranger Things"" lures back some of those lost subscribers.
https://t.co/53MBGJqpzx"	netflix surely hopes a new season of stranger things lures back some of those lost subscribers	Sentiment(polarity=0.21212121212121213, subjectivity=0.4478114478114478)
13	Mask mandates on planes are popular with majority of Americans, poll finds https://t.co/i075WBFV5T	mask mandates on planes are popular with majority of americans poll finds	Sentiment(polarity=0.6, subjectivity=0.9)
14	"Surprise: United Airlines ""has a bullish outlook on the future"" and now expects to post a profit in 2022.
https://t.co/yndxPQLMhX"	surprise united airlines has a bullish outlook on the future and now expects to post a profit in 2022	Sentiment(polarity=0.0, subjectivity=0.125)
15	"Republican Michigan state Sen. Lana Theis insinuated that Democratic state Sen. Mallory McMorrow wanted to ‚Äúgroom and sexualize kindergarteners‚Äù in a campaign email. 

McMorrow‚Äôs response in a Senate floor speech on Tuesday has gone viral.

https://t.co/w1k3tJLGDF"	republican michigan state sen lana theis insinuated that democratic state sen mallory mcmorrow wanted to ‚Äúgroom and sexualize kindergarteners‚Äù in a campaign email mcmorrow‚Äôs response in a senate floor speech on tuesday has gone viral	Sentiment(polarity=0.0, subjectivity=0.0)
16	"Tesla's stock is rallying in after-hours trading. And yes, Elon Musk plans to be on today's earnings call. 
https://t.co/1LNUtV0O3Y"	teslas stock is rallying in afterhours trading and yes elon musk plans to be on todays earnings call	Sentiment(polarity=0.0, subjectivity=0.0)
17	"‚ÄúWe think a hard landing will ultimately be unavoidable by late ‚Äò23 / early ‚Äò24 after an aggressive series of Fed hikes over the next 18 months,‚Äù said Jim Reid, head of thematic research at Deutsche Bank.

https://t.co/wwJHzjHsf5"	‚Äúwe think a hard landing will ultimately be unavoidable by late ‚Äò23  early ‚Äò24 after an aggressive series of fed hikes over the next 18 months‚Äù said jim reid head of thematic research at deutsche bank	Sentiment(polarity=-0.08194444444444444, subjectivity=0.4069444444444444)
18	"After losing 200,000 subscribers in the first quarter, Netflix predicted it could lose 2 million more in the second quarter.

S&amp;P is sticking with its ‚ÄòBBB‚Äô rating for Netflix bonds now, two notches above the high-yield threshold.

https://t.co/088rGIFqpf"	after losing 200000 subscribers in the first quarter netflix predicted it could lose 2 million more in the second quarter sampp is sticking with its ‚Äòbbb‚Äô rating for netflix bonds now two notches above the highyield threshold	Sentiment(polarity=0.1875, subjectivity=0.2333333333333333)
19	"Tesla said it earned $3.2 billion, or $2.86 a share, in the first quarter, compared with earnings of $438 million, or 39 cents a share, in the year-ago period. 

$TSLA stock rose more than 4% in the after-hours session: https://t.co/oJ737JRpEa https://t.co/gGNoStjpiM"	tesla said it earned 32 billion or 286 a share in the first quarter compared with earnings of 438 million or 39 cents a share in the yearago period tsla stock rose more than 4 in the afterhours session	Sentiment(polarity=0.45, subjectivity=0.5944444444444444)
20	"All Russian and Belarusian tennis players are banned from competing in the 2022 Wimbledon tennis tournament.

The ban is a huge blow to some of tennis‚Äô biggest stars, including the No. 2 and No. 8 men‚Äôs players and the No. 4 female player in the world.

https://t.co/3XhSG7gtW6"	all russian and belarusian tennis players are banned from competing in the 2022 wimbledon tennis tournament the ban is a huge blow to some of tennis‚Äô biggest stars including the no 2 and no 8 men‚Äôs players and the no 4 female player in the world	Sentiment(polarity=0.13333333333333336, subjectivity=0.35555555555555557)
21	"RT @jbartash: High inflation isn't going away soon, businesses tell the Fed during its ""Beige Book survey. They expect ""inflationary pressu‚Ä¶"	rt jbartash high inflation isnt going away soon businesses tell the fed during its beige book survey they expect inflationary pressu‚Ä¶	Sentiment(polarity=0.16, subjectivity=0.5399999999999999)
22	Major U.S. stock indexes finished mostly lower on Wednesday. The Dow Jones Industrial Average gained about 250 points, or 0.7%, ending a second day in a row higher near 35,160: https://t.co/d6jUlcf5jt https://t.co/12rV5a8NHh	major us stock indexes finished mostly lower on wednesday the dow jones industrial average gained about 250 points or 07 ending a second day in a row higher near 35160	Sentiment(polarity=0.12708333333333333, subjectivity=0.3833333333333333)
23	Sanders hasn't ruled out another White House run if Biden doesn't: report https://t.co/buEYi8y6Su	sanders hasnt ruled out another white house run if biden doesnt report	Sentiment(polarity=0.0, subjectivity=0.0)
24	"‚ÄúI see an expeditious march to neutral by the end of the year as a prudent path,‚Äù the president of the San Francisco Federal Reserve said.

The Fed views 2.5% as neutral for its short-term fed funds rate, meaning it neither helps nor hurts the economy.

https://t.co/BloeNgOb8A"	‚Äúi see an expeditious march to neutral by the end of the year as a prudent path‚Äù the president of the san francisco federal reserve said the fed views 25 as neutral for its shortterm fed funds rate meaning it neither helps nor hurts the economy	Sentiment(polarity=0.0, subjectivity=0.0)
25	High U.S. inflation shows little sign of abating, Fed‚Äôs Beige Book finds https://t.co/rQhzAOhzGj	high us inflation shows little sign of abating fed‚Äôs beige book finds	Sentiment(polarity=-0.013749999999999998, subjectivity=0.52)
26	"üêï Dogecoin has lost more than 400% of its value since May. Here‚Äôs how it‚Äôs performing on ‚ÄúDogeday.‚Äù

https://t.co/cSEdwrqcAw"	üêï dogecoin has lost more than 400 of its value since may here‚Äôs how it‚Äôs performing on ‚Äúdogeday‚Äù	Sentiment(polarity=0.5, subjectivity=0.5)
27	"Cannabis company Leafly Inc. marked the unofficial April 20 pot holiday by ringing the Nasdaq opening bell.

https://t.co/9za4YBfEEg"	cannabis company leafly inc marked the unofficial april 20 pot holiday by ringing the nasdaq opening bell	Sentiment(polarity=0.1, subjectivity=0.6)
28	"If you missed today's Mastering Your Money live event, don't worry! We'll be back with more tomorrow at 1 p.m. eastern. 

Get registered here: https://t.co/aMIL96UD0l"	if you missed todays mastering your money live event dont worry well be back with more tomorrow at 1 pm eastern get registered here	Sentiment(polarity=0.21212121212121213, subjectivity=0.3333333333333333)
29	And to round out today... @SilviaAscarelli and editor in chief @mdecambre are debating: Is it better to buy or lease a car? https://t.co/BNWeROt1Eb https://t.co/YL9akfYdgc	and to round out today silviaascarelli and editor in chief mdecambre are debating is it better to buy or lease a car	Sentiment(polarity=0.15, subjectivity=0.45)
30	"Netflix on Tuesday reported a first quarter net loss of 200,000 subscribers at a time when analysts were expecting 2.5 million subscription additions. 

The stock price of $NFLX stayed down almost 35% in afternoon trading on Wednesday: https://t.co/r3nq2BfIPR https://t.co/4Pnbp13F8G"	netflix on tuesday reported a first quarter net loss of 200000 subscribers at a time when analysts were expecting 25 million subscription additions the stock price of nflx stayed down almost 35 in afternoon trading on wednesday	Sentiment(polarity=0.03148148148148147, subjectivity=0.2074074074074074)
31	It‚Äôs ‚ÄòDoge Day‚Äô again. Supporters wanted to push Dogecoin ‚Äòto the moon‚Äô. Here‚Äôs how it is trading https://t.co/2MypkIVf0y	it‚Äôs ‚Äòdoge day‚Äô again supporters wanted to push dogecoin ‚Äòto the moon‚Äô here‚Äôs how it is trading	Sentiment(polarity=0.0, subjectivity=0.0)
32	As Netflix hemorrhages subscribers amid increased competition from Disney, Hulu, HBO, Amazon Prime and Apple ‚Äî have we finally reached peak streaming? https://t.co/Yv8zsD5lcL	as netflix hemorrhages subscribers amid increased competition from disney hulu hbo amazon prime and apple ‚Äî have we finally reached peak streaming	Sentiment(polarity=0.0, subjectivity=1.0)
33	"@JoyWiltermuth is interviewing @victorJ0NES and @LizYoungStrat right now for Mastering Your Money. 

Ask them your investing questions: https://t.co/BNWeROt1Eb https://t.co/dtS72lFPgU"	joywiltermuth is interviewing victorj0nes and lizyoungstrat right now for mastering your money ask them your investing questions	Sentiment(polarity=0.2857142857142857, subjectivity=0.5357142857142857)
34	"üö® TODAY: Join MarketWatch's Mastering Your Money event series!

Our journalists will speak to experts and answer your most challenging money questions live on investing, switching jobs and saving.

TUNE IN: https://t.co/z5nfTmKszr https://t.co/zd2sEzPoWl"	üö® today join marketwatchs mastering your money event series our journalists will speak to experts and answer your most challenging money questions live on investing switching jobs and saving tune in	Sentiment(polarity=0.37878787878787873, subjectivity=0.6666666666666666)
35	Why inflation ‚Äòmania‚Äô makes the 10-year Treasury note a buy as yield tops 2.8%: BofA https://t.co/TjGuD2IaCR	why inflation ‚Äòmania‚Äô makes the 10year treasury note a buy as yield tops 28 bofa	Sentiment(polarity=0.0, subjectivity=0.0)
36	"üêï It‚Äôs the day of the doge. At least, that‚Äôs how proponents of dogecoin have deemed April 20.

Story from the archives

https://t.co/XPuCEDpu6O"	üêï it‚Äôs the day of the doge at least that‚Äôs how proponents of dogecoin have deemed april 20 story from the archives	Sentiment(polarity=-0.3, subjectivity=0.4)
37	"Abbott Laboratories, the maker of the popular rapid BinaxNow COVID-19 test, made $3.3 billion in revenue from its COVID-19 tests in the first three months of the year, far surpassing the $2.5 billion in COVID-19 tests that the company predicted.
https://t.co/N1pKPEcDBR"	abbott laboratories the maker of the popular rapid binaxnow covid19 test made 33 billion in revenue from its covid19 tests in the first three months of the year far surpassing the 25 billion in covid19 tests that the company predicted	Sentiment(polarity=0.31666666666666665, subjectivity=0.7444444444444445)
38	"Will the student loan pause be extended again? And will President Biden forgive student loans once and for all? 

Retirement reporter @malito_ali is leading our latest session of Mastering Your Money.

JOIN US: https://t.co/XBg4IDuq9c"	will the student loan pause be extended again and will president biden forgive student loans once and for all retirement reporter malitoali is leading our latest session of mastering your money join us	Sentiment(polarity=0.5, subjectivity=0.9)
39	"üì£ We just kicked off Mastering Your Money, a two-day live event! We're talking high inflation with @grobb2000,  Marguerita Cheng and Yanely Espinal. 

TUNE IN: https://t.co/R1kYf9ysmo https://t.co/5HXrricSaq"	üì£ we just kicked off mastering your money a twoday live event were talking high inflation with grobb2000 marguerita cheng and yanely espinal tune in	Sentiment(polarity=0.1481818181818182, subjectivity=0.52)
40	Fed may need to be even more aggressive fighting inflation as U.S. household cash exceeds debt for first time in three decades, warns Deutsche Bank https://t.co/7wShLHrWGc	fed may need to be even more aggressive fighting inflation as us household cash exceeds debt for first time in three decades warns deutsche bank	Sentiment(polarity=0.375, subjectivity=0.41666666666666663)
41	San Francisco Fed‚Äôs Daly sees rapid ‚Äòmarch‚Äô to 2.5% for key U.S. interest rate https://t.co/3fdaPZ6dFD	san francisco fed‚Äôs daly sees rapid ‚Äòmarch‚Äô to 25 for key us interest rate	Sentiment(polarity=0.0, subjectivity=1.0)
42	"""My cousin has $8,000 in credit-card debt with 20% APR. She has $5,000 in stocks. Should she sell them to pay the credit card?""

The Moneyist has some advice: https://t.co/SQny9MTmeX"	my cousin has 8000 in creditcard debt with 20 apr she has 5000 in stocks should she sell them to pay the credit card the moneyist has some advice	Sentiment(polarity=0.0, subjectivity=0.0)
43	As Biden pledges student-debt cancellation for 40,000 borrowers, young people say their student loans delay major life decisions ‚Äî including buying a house and having kids https://t.co/Hb6qJRjxiW	as biden pledges studentdebt cancellation for 40000 borrowers young people say their student loans delay major life decisions ‚Äî including buying a house and having kids	Sentiment(polarity=0.08125, subjectivity=0.45)
44	The 10-year Treasury real yield briefly went above zero. Here‚Äôs what it means for markets. https://t.co/zb2wzF2HNT	the 10year treasury real yield briefly went above zero here‚Äôs what it means for markets	Sentiment(polarity=0.06666666666666667, subjectivity=0.24444444444444444)
45	"The lack of financial literacy is a problem for America‚Äôs adults, and for the nation‚Äôs youth it could be even worse.

Isaac Hertenstein, 16, wants to help fix that before kids his age and younger face serious money decisions.
https://t.co/eFqKghDi6X"	the lack of financial literacy is a problem for america‚Äôs adults and for the nation‚Äôs youth it could be even worse isaac hertenstein 16 wants to help fix that before kids his age and younger face serious money decisions	Sentiment(polarity=-0.10666666666666666, subjectivity=0.2733333333333333)
46	RT @JoyWiltermuth: Spare time tomorrow 4/20 @ 1:55 Eastern? I'll be chatting with @victorJ0NES and @LizYoungStrat about investing as inflat‚Ä¶	rt joywiltermuth spare time tomorrow 420  155 eastern ill be chatting with victorj0nes and lizyoungstrat about investing as inflat‚Ä¶	Sentiment(polarity=-0.5, subjectivity=1.0)
47	"RT @mktwwashington: Join us as our ""Mastering your Money"" event kicks off today with a session on inflation at 1 p.m. moderated by @grobb20‚Ä¶"	rt mktwwashington join us as our mastering your money event kicks off today with a session on inflation at 1 pm moderated by grobb20‚Ä¶	Sentiment(polarity=0.0, subjectivity=0.0)
48	RT @grobb2000: Join us for a discussion of the impact of inflation on average Americans https://t.co/gPJSNd8GZk	rt grobb2000 join us for a discussion of the impact of inflation on average americans	Sentiment(polarity=-0.15, subjectivity=0.39999999999999997)
49	RT @PhilipvanDoorn: Dividend Aristocrat stocks can help you keep ahead of inflation. These 15 take top prizes for raising payouts. https://‚Ä¶	rt philipvandoorn dividend aristocrat stocks can help you keep ahead of inflation these 15 take top prizes for raising payouts	Sentiment(polarity=0.5, subjectivity=0.5)
50	Dividend Aristocrat stocks can help you keep ahead of inflation. These 15 take top prizes for raising payouts. https://t.co/dlSNzg7u9E	dividend aristocrat stocks can help you keep ahead of inflation these 15 take top prizes for raising payouts	Sentiment(polarity=0.5, subjectivity=0.5)
51	Existing-home sales fall as home buyers are scared off by soaring interest rates https://t.co/zWeHQjYL28	existinghome sales fall as home buyers are scared off by soaring interest rates	Sentiment(polarity=0.0, subjectivity=0.0)
52	"A new band of Wall Street analysts rushed to cut price targets and ratings on Netflix in response to deeply disappointing results, though shares of the pioneering streaming service have been under pressure for months.
https://t.co/MDPb2jZbNr"	a new band of wall street analysts rushed to cut price targets and ratings on netflix in response to deeply disappointing results though shares of the pioneering streaming service have been under pressure for months	Sentiment(polarity=-0.2318181818181818, subjectivity=0.5772727272727273)
53	"Shares of $NFLX tumbled around 29% in premarket trading on Wednesday, the morning after the company delivered a considerable slowdown in revenue growth and a surprise net loss of subscribers. 
https://t.co/mt0rM4SHOv"	shares of nflx tumbled around 29 in premarket trading on wednesday the morning after the company delivered a considerable slowdown in revenue growth and a surprise net loss of subscribers	Sentiment(polarity=0.05, subjectivity=0.225)
54	"Investors love looking at esoteric indicators for clues on how the economy is performing, and therefore how stocks, bonds and other assets will trade.

How about looking at carbon dioxide emissions? https://t.co/MhXHdDo3Qc"	investors love looking at esoteric indicators for clues on how the economy is performing and therefore how stocks bonds and other assets will trade how about looking at carbon dioxide emissions	Sentiment(polarity=0.1875, subjectivity=0.4875)
55	Stocks open higher as investors shake off Netflix results https://t.co/JyT2lARY67	stocks open higher as investors shake off netflix results	Sentiment(polarity=0.125, subjectivity=0.5)
56	Netflix slammed by new wave of downgrades‚Äî‚Äônot much to get excited about‚Äô besides ‚Äòmuch lower stock price‚Äô https://t.co/Bv9LxVylnZ	netflix slammed by new wave of downgrades‚Äî‚Äônot much to get excited about‚Äô besides ‚Äòmuch lower stock price‚Äô	Sentiment(polarity=0.15284090909090908, subjectivity=0.4011363636363636)
57	Nasdaq sets 3-for-1 stock split; adj. profit beats target https://t.co/msmtHaOKa0	nasdaq sets 3for1 stock split adj profit beats target	Sentiment(polarity=0.0, subjectivity=0.0)
58	Gold edges lower after pulling back from 5-week high https://t.co/ptNPLP6qdK	gold edges lower after pulling back from 5week high	Sentiment(polarity=0.08, subjectivity=0.26999999999999996)
59	Victoria's Secret launches tween brand, Happy Nation https://t.co/Qd6SFuZAbq	victorias secret launches tween brand happy nation	Sentiment(polarity=0.2, subjectivity=0.85)
60	"RT @jowens510: How is Netflix going to fix its problems?

Executives hope to end password-sharing, which they estimate allows 100 million h‚Ä¶"	rt jowens510 how is netflix going to fix its problems executives hope to end passwordsharing which they estimate allows 100 million h‚Ä¶	Sentiment(polarity=0.0, subjectivity=0.0)
61	Raymond James upgrades Dow component Travelers to market perform https://t.co/74QZ5gJ60T	raymond james upgrades dow component travelers to market perform	Sentiment(polarity=0.0, subjectivity=0.0)
62	Oil prices bounce as supply worries persist https://t.co/Sk114w45Ub	oil prices bounce as supply worries persist	Sentiment(polarity=0.0, subjectivity=0.0)
63	Treasury yields pull back from 3-year highs https://t.co/VU5QiXCpJa	treasury yields pull back from 3year highs	Sentiment(polarity=0.0, subjectivity=0.0)
64	The news coming from this giant volcano is even gloomier than the new forecasts from the IMF and World Bank https://t.co/tQ2i8tGWTy	the news coming from this giant volcano is even gloomier than the new forecasts from the imf and world bank	Sentiment(polarity=0.06818181818181818, subjectivity=0.7272727272727273)
65	Best Buy to launch home pick-up recycling service that includes appliances with laptops and smaller items https://t.co/ZifLIDJ5el	best buy to launch home pickup recycling service that includes appliances with laptops and smaller items	Sentiment(polarity=0.5, subjectivity=0.4)
66	When a traditional IRA makes sense over a Roth account https://t.co/QW7kMZ1Ojw	when a traditional ira makes sense over a roth account	Sentiment(polarity=0.0, subjectivity=0.75)
67	Tech stocks in focus as Netflix shares crater in premarket https://t.co/2tHvuO5cxi	tech stocks in focus as netflix shares crater in premarket	Sentiment(polarity=0.0, subjectivity=0.0)
68	Gen Z is positioned to get rich‚Äî5 steps to getting there https://t.co/4v9oaXSNJr	gen z is positioned to get rich‚Äî5 steps to getting there	Sentiment(polarity=0.0, subjectivity=0.0)
69	Cryptic tweet from Elon Musk raises speculation about Twitter tender offer https://t.co/4CIYMbnAMA	cryptic tweet from elon musk raises speculation about twitter tender offer	Sentiment(polarity=0.0, subjectivity=0.0)
70	Recent consumer price data released by the federal government showed that the price of plane tickets had risen 10.7% between February and March on a seasonally adjusted basis. Those higher prices aren‚Äôt scaring people away. https://t.co/8VqXmTMU6x	recent consumer price data released by the federal government showed that the price of plane tickets had risen 107 between february and march on a seasonally adjusted basis those higher prices aren‚Äôt scaring people away	Sentiment(polarity=0.125, subjectivity=0.375)
71	"Though attendance figures and TV ratings were down, World Wrestling Entertainment marked its biggest year for revenue and profit in 2021. 

Thanks to WWE's belt-tightening and lucrative media deals, the stock has rebounded since 2019: https://t.co/EIwhqMvoaq"	though attendance figures and tv ratings were down world wrestling entertainment marked its biggest year for revenue and profit in 2021 thanks to wwes belttightening and lucrative media deals the stock has rebounded since 2019	Sentiment(polarity=0.04814814814814814, subjectivity=0.36296296296296293)
72	Asian shares mixed after tech-led rally on Wall Street https://t.co/JiunS34F6K	asian shares mixed after techled rally on wall street	Sentiment(polarity=0.0, subjectivity=0.125)
73	‚ÄòThe goal is to plant seeds in these young students now‚Äô: Meet the 16-year-old high schooler who created his own financial-literacy classes https://t.co/5LpjBdl65e	‚Äòthe goal is to plant seeds in these young students now‚Äô meet the 16yearold high schooler who created his own financialliteracy classes	Sentiment(polarity=0.2866666666666667, subjectivity=0.6466666666666666)
74	My cousin has $8,000 in credit-card debt with 20% APR. She has $5,000 in stocks. Should she sell them to pay the credit card? https://t.co/ccNByOAaBr	my cousin has 8000 in creditcard debt with 20 apr she has 5000 in stocks should she sell them to pay the credit card	Sentiment(polarity=0.0, subjectivity=0.0)
75	"Bronx-born legend Dion DiMucci talked with MarketWatch about music, money ‚Äî and his autobiographical show ‚ÄòThe Wanderer.‚Äô
https://t.co/NLhqQsQamR"	bronxborn legend dion dimucci talked with marketwatch about music money ‚Äî and his autobiographical show ‚Äòthe wanderer‚Äô	Sentiment(polarity=0.0, subjectivity=0.0)
76	Major airlines including Delta, United and American Airlines now say masks will be optional. Train travelers and employees on Amtrak are no longer required to wear masks. Greyhound said masks are now optional, except for trips into Mexico and Canada. https://t.co/zboKGjI6DA	major airlines including delta united and american airlines now say masks will be optional train travelers and employees on amtrak are no longer required to wear masks greyhound said masks are now optional except for trips into mexico and canada	Sentiment(polarity=0.03125, subjectivity=0.25)
77	"Moderna said it expects to have clinical data for a COVID-19 booster that protects against the original strain of the virus as well as omicron by the end of June. 
https://t.co/9rJanfm7IJ"	moderna said it expects to have clinical data for a covid19 booster that protects against the original strain of the virus as well as omicron by the end of june	Sentiment(polarity=0.375, subjectivity=0.75)
78	"The IMF said global growth would slow to a 3.6% rate this year, down from 6.1% in 2021 and 0.8 percentage points lower than in the last forecast in January. Still 3.5% growth is in line with long-run trends.  

https://t.co/O7SGBLcYGn"	the imf said global growth would slow to a 36 rate this year down from 61 in 2021 and 08 percentage points lower than in the last forecast in january still 35 growth is in line with longrun trends	Sentiment(polarity=-0.1138888888888889, subjectivity=0.18888888888888888)
79	"The International Monetary Fund said the war in Ukraine will lead to a significant slowdown in global economic growth this year.

But the agency is not forecasting recession or stagflation for the U.S. or Europe.

https://t.co/59aFlZziPD"	the international monetary fund said the war in ukraine will lead to a significant slowdown in global economic growth this year but the agency is not forecasting recession or stagflation for the us or europe	Sentiment(polarity=0.14375, subjectivity=0.26875)
80	Are you protected if you wear a mask but no one else does? Wearing a mask provides at least some protection even when others don‚Äôt wear one, research suggests.  https://t.co/LD0FSp0U05	are you protected if you wear a mask but no one else does wearing a mask provides at least some protection even when others don‚Äôt wear one research suggests	Sentiment(polarity=-0.3, subjectivity=0.4)
81	Though attendance figures and TV ratings were down, World Wrestling Entertainment marked its biggest year for revenue and profit in 2021. https://t.co/ZVI2rkHHQG	though attendance figures and tv ratings were down world wrestling entertainment marked its biggest year for revenue and profit in 2021	Sentiment(polarity=-0.02777777777777779, subjectivity=0.4444444444444444)
82	"Warren Buffett has been Berkshire's CEO and chairman since 1970. But the country‚Äôs largest state public pension fund is backing a proposal to change that.
https://t.co/ALWpNhlGyd"	warren buffett has been berkshires ceo and chairman since 1970 but the country‚Äôs largest state public pension fund is backing a proposal to change that	Sentiment(polarity=0.0, subjectivity=0.06666666666666667)
83	"The Biden administration will review its student debt portfolio, which will correct for past mistakes that denied 3.6 million borrowers credit toward student loan forgiveness and will lead to immediate cancellation of debt for roughly 40,000 borrowers.
https://t.co/GAYBfMfeyb"	the biden administration will review its student debt portfolio which will correct for past mistakes that denied 36 million borrowers credit toward student loan forgiveness and will lead to immediate cancellation of debt for roughly 40000 borrowers	Sentiment(polarity=-0.175, subjectivity=0.325)
84	"Tiny houses, usually smaller than 500 square feet, were all the rage a few years ago. 

""The movement hasn‚Äôt stopped growing, it‚Äôs just not in the public eye as much anymore,‚Äù said one expert. https://t.co/izYaaUOqSS"	tiny houses usually smaller than 500 square feet were all the rage a few years ago the movement hasn‚Äôt stopped growing it‚Äôs just not in the public eye as much anymore‚Äù said one expert	Sentiment(polarity=0.0, subjectivity=0.2733333333333333)
85	Many airlines are dropping masks and two-thirds of employers have, too ‚Äî here‚Äôs where mask mandates remain in effect https://t.co/a9V1PNyhxi	many airlines are dropping masks and twothirds of employers have too ‚Äî here‚Äôs where mask mandates remain in effect	Sentiment(polarity=0.5, subjectivity=0.5)
86	Elon Musk said to be willing to invest $15 billion of his own money to buy Twitter https://t.co/uGvGdGXh5s	elon musk said to be willing to invest 15 billion of his own money to buy twitter	Sentiment(polarity=0.425, subjectivity=0.875)
87	Top CEOs see nearly 31% pay increase in 2021, study shows https://t.co/zsnd4KG3O0	top ceos see nearly 31 pay increase in 2021 study shows	Sentiment(polarity=0.3, subjectivity=0.45)
88	"Worse yet, shares of companies held by the ARK Innovation fund were down 70% on average from their 5-year highs.
https://t.co/UyD7tQWwP0"	worse yet shares of companies held by the ark innovation fund were down 70 on average from their 5year highs	Sentiment(polarity=-0.2351851851851852, subjectivity=0.4296296296296296)
89	Airfares are soaring ‚Äî will the end of the mask mandate make flying even more expensive? https://t.co/VL3khKEIPz	airfares are soaring ‚Äî will the end of the mask mandate make flying even more expensive	Sentiment(polarity=0.0, subjectivity=0.6)
90	"Netflix is looking at big changes -- like cracking down on sharing passwords and adding a cheaper, ad-supported tier -- as its subscriber numbers plunge.
https://t.co/ceaBuci1z0"	netflix is looking at big changes  like cracking down on sharing passwords and adding a cheaper adsupported tier  as its subscriber numbers plunge	Sentiment(polarity=-0.07777777777777779, subjectivity=0.19444444444444448)
91	"History points to strong post-""Tax Day"" gains, Fundstrat co-founder Tom Lee says.
https://t.co/v4SFwjoEPi"	history points to strong posttax day gains fundstrat cofounder tom lee says	Sentiment(polarity=0.4333333333333333, subjectivity=0.7333333333333333)
92	Cathie Wood‚Äôs flagship ARK fund tumbles more than 60% from its 2021 peak https://t.co/s2JpO5q7k7	cathie wood‚Äôs flagship ark fund tumbles more than 60 from its 2021 peak	Sentiment(polarity=0.5, subjectivity=0.5)
93	‚ÄúMaggie was a key player in the infrastructure law, and it‚Äôs making a difference here in New Hampshire,‚Äù President Biden said in a speech that touched on how last year‚Äôs bipartisan infrastructure package is providing $17 billion for ports and waterways. https://t.co/lL4vDF0N2G	‚Äúmaggie was a key player in the infrastructure law and it‚Äôs making a difference here in new hampshire‚Äù president biden said in a speech that touched on how last year‚Äôs bipartisan infrastructure package is providing 17 billion for ports and waterways	Sentiment(polarity=0.04545454545454545, subjectivity=0.5070707070707071)
94	"Netflix Co-CEO Reed Hastings said Tuesday that a lower-priced tier with ads is under consideration.
https://t.co/KS3ctbFSk2"	netflix coceo reed hastings said tuesday that a lowerpriced tier with ads is under consideration	Sentiment(polarity=0.0, subjectivity=0.0)
95	Why ‚ÄòTax Day‚Äô explains Tuesday‚Äôs 500-point Dow rally: Fundstrat‚Äôs Tom Lee https://t.co/gDViEm8xNW	why ‚Äòtax day‚Äô explains tuesday‚Äôs 500point dow rally fundstrat‚Äôs tom lee	Sentiment(polarity=0.0, subjectivity=0.0)
96	People who are planning to travel can take comfort that wearing a mask provides at least some protection even when others don‚Äôt wear one, research suggests.  https://t.co/eOu38MNZZi	people who are planning to travel can take comfort that wearing a mask provides at least some protection even when others don‚Äôt wear one research suggests	Sentiment(polarity=-0.3, subjectivity=0.4)
97	Netflix executives indicate a crackdown on password sharing is coming as streaming service loses subscribers for the first time in a decade. https://t.co/wocOAez8cd	netflix executives indicate a crackdown on password sharing is coming as streaming service loses subscribers for the first time in a decade	Sentiment(polarity=-0.024999999999999994, subjectivity=0.21666666666666667)
98	Experts were dismayed at the response to a federal judge ruling that struck down the U.S. face mask mandate covering airlines and other public transportation, leading some airlines to immediately drop their requirements and sow confusion among travelers. https://t.co/xUCU1puMZS	experts were dismayed at the response to a federal judge ruling that struck down the us face mask mandate covering airlines and other public transportation leading some airlines to immediately drop their requirements and sow confusion among travelers	Sentiment(polarity=-0.09351851851851851, subjectivity=0.24351851851851855)
99	OPINION: No company has ever had to swallow the pill to stop a hostile takeover. That‚Äôs how effective they are.  https://t.co/3EnJNcFnbl	opinion no company has ever had to swallow the pill to stop a hostile takeover that‚Äôs how effective they are	Sentiment(polarity=0.6, subjectivity=0.8)
